,accuracy,precision,recall,f1,f2,mcc,roc_auc
random_forest,0.999047430045644,0.9996584116140051,0.998294388538291,0.9989759344598055,0.9985668952809909,0.998086342289071,0.9999932441627825
logistic_regression,0.972692994641794,0.97471185274385,0.9663994542043323,0.9705378554299418,0.9680505723560567,0.9451231543608078,0.9963442309651944
isolation_forest,0.9228021432823973,0.9426993753960351,0.8881118881118881,0.9145918412154744,0.8985177132404962,0.8455286706140789,
