,accuracy,precision,recall,f1,f2,mcc,roc_auc
isolation_forest,0.7884137686302342,0.9364512287539244,0.674043481648874,0.7838695061169008,0.7140616486981789,0.6178363330005616,
random_forest,0.7756831085876508,0.9688856729377714,0.6260422348632432,0.7606153846153846,0.6737219911445056,0.6156008071092886,0.9660426688180812
logistic_regression,0.7538591199432222,0.9167048054919908,0.6243279046208993,0.742780327260928,0.6668664269543215,0.5583364763866492,0.7940372743614386
