{
  "metrics": {
    "accuracy": 0.972692994641794,
    "precision": 0.97471185274385,
    "recall": 0.9663994542043323,
    "f1": 0.9705378554299418,
    "f2": 0.9680505723560567,
    "mcc": 0.9451231543608078,
    "roc_auc": 0.9963442309651944
  },
  "classification_report": {
    "normal": {
      "precision": 0.9709632249981576,
      "recall": 0.978172098893756,
      "f1-score": 0.9745543309416377,
      "support": 13469.0
    },
    "attack": {
      "precision": 0.97471185274385,
      "recall": 0.9663994542043323,
      "f1-score": 0.9705378554299418,
      "support": 11726.0
    },
    "accuracy": 0.972692994641794,
    "macro avg": {
      "precision": 0.9728375388710038,
      "recall": 0.9722857765490441,
      "f1-score": 0.9725460931857897,
      "support": 25195.0
    },
    "weighted avg": {
      "precision": 0.9727078731007964,
      "recall": 0.972692994641794,
      "f1-score": 0.9726850238628463,
      "support": 25195.0
    }
  }
}