{
  "metrics": {
    "accuracy": 0.999047430045644,
    "precision": 0.9996584116140051,
    "recall": 0.998294388538291,
    "f1": 0.9989759344598055,
    "f2": 0.9985668952809909,
    "mcc": 0.998086342289071,
    "roc_auc": 0.9999932441627825
  },
  "classification_report": {
    "normal": {
      "precision": 0.9985168705969596,
      "recall": 0.9997030217536566,
      "f1-score": 0.9991095941233212,
      "support": 13469.0
    },
    "attack": {
      "precision": 0.9996584116140051,
      "recall": 0.998294388538291,
      "f1-score": 0.9989759344598055,
      "support": 11726.0
    },
    "accuracy": 0.999047430045644,
    "macro avg": {
      "precision": 0.9990876411054823,
      "recall": 0.9989987051459738,
      "f1-score": 0.9990427642915634,
      "support": 25195.0
    },
    "weighted avg": {
      "precision": 0.999048154977427,
      "recall": 0.999047430045644,
      "f1-score": 0.9990473876055842,
      "support": 25195.0
    }
  }
}