{
  "metrics": {
    "accuracy": 0.9228021432823973,
    "precision": 0.9426993753960351,
    "recall": 0.8881118881118881,
    "f1": 0.9145918412154744,
    "f2": 0.8985177132404962,
    "mcc": 0.8455286706140789
  },
  "classification_report": {
    "normal": {
      "precision": 0.9072660446706248,
      "recall": 0.9530031925161482,
      "f1-score": 0.9295723648477388,
      "support": 13469.0
    },
    "attack": {
      "precision": 0.9426993753960351,
      "recall": 0.8881118881118881,
      "f1-score": 0.9145918412154744,
      "support": 11726.0
    },
    "accuracy": 0.9228021432823973,
    "macro avg": {
      "precision": 0.9249827100333299,
      "recall": 0.9205575403140182,
      "f1-score": 0.9220821030316066,
      "support": 25195.0
    },
    "weighted avg": {
      "precision": 0.9237570641620383,
      "recall": 0.9228021432823973,
      "f1-score": 0.9226002822872336,
      "support": 25195.0
    }
  }
}