{
  "metrics": {
    "accuracy": 0.7538591199432222,
    "precision": 0.9167048054919908,
    "recall": 0.6243279046208993,
    "f1": 0.742780327260928,
    "f2": 0.6668664269543215,
    "mcc": 0.5583364763866492,
    "roc_auc": 0.7940372743614386
  },
  "classification_report": {
    "normal": {
      "precision": 0.6507534048101999,
      "recall": 0.9250334672021419,
      "f1-score": 0.7640229640654901,
      "support": 9711.0
    },
    "attack": {
      "precision": 0.9167048054919908,
      "recall": 0.6243279046208993,
      "f1-score": 0.742780327260928,
      "support": 12833.0
    },
    "accuracy": 0.7538591199432222,
    "macro avg": {
      "precision": 0.7837291051510954,
      "recall": 0.7746806859115205,
      "f1-score": 0.7534016456632091,
      "support": 22544.0
    },
    "weighted avg": {
      "precision": 0.8021442105655859,
      "recall": 0.7538591199432222,
      "f1-score": 0.7519307551357107,
      "support": 22544.0
    }
  }
}