{
  "metrics": {
    "accuracy": 0.7884137686302342,
    "precision": 0.9364512287539244,
    "recall": 0.674043481648874,
    "f1": 0.7838695061169008,
    "f2": 0.7140616486981789,
    "mcc": 0.6178363330005616
  },
  "classification_report": {
    "normal": {
      "precision": 0.6856541669797851,
      "recall": 0.9395530841313974,
      "f1-score": 0.7927708749674168,
      "support": 9711.0
    },
    "attack": {
      "precision": 0.9364512287539244,
      "recall": 0.674043481648874,
      "f1-score": 0.7838695061169008,
      "support": 12833.0
    },
    "accuracy": 0.7884137686302342,
    "macro avg": {
      "precision": 0.8110526978668547,
      "recall": 0.8067982828901357,
      "f1-score": 0.7883201905421588,
      "support": 22544.0
    },
    "weighted avg": {
      "precision": 0.8284184809323902,
      "recall": 0.7884137686302342,
      "f1-score": 0.7877038386624722,
      "support": 22544.0
    }
  }
}