{
  "metrics": {
    "accuracy": 0.7756831085876508,
    "precision": 0.9688856729377714,
    "recall": 0.6260422348632432,
    "f1": 0.7606153846153846,
    "f2": 0.6737219911445056,
    "mcc": 0.6156008071092886,
    "roc_auc": 0.966042656781612
  },
  "classification_report": {
    "normal": {
      "precision": 0.6632753297782767,
      "recall": 0.9734321902996602,
      "f1-score": 0.7889663230814172,
      "support": 9711.0
    },
    "attack": {
      "precision": 0.9688856729377714,
      "recall": 0.6260422348632432,
      "f1-score": 0.7606153846153846,
      "support": 12833.0
    },
    "accuracy": 0.7756831085876508,
    "macro avg": {
      "precision": 0.8160805013580241,
      "recall": 0.7997372125814517,
      "f1-score": 0.774790853848401,
      "support": 22544.0
    },
    "weighted avg": {
      "precision": 0.837241685960223,
      "recall": 0.7756831085876508,
      "f1-score": 0.7728277676638073,
      "support": 22544.0
    }
  }
}