{
  "train_rows": 125973,
  "test_rows": 22544,
  "official_test_best_supervised_model": "random_forest",
  "official_test_metrics": {
    "logistic_regression": {
      "accuracy": 0.7538591199432222,
      "precision": 0.9167048054919908,
      "recall": 0.6243279046208993,
      "f1": 0.742780327260928,
      "f2": 0.6668664269543215,
      "mcc": 0.5583364763866492,
      "roc_auc": 0.7940372743614386
    },
    "random_forest": {
      "accuracy": 0.7756831085876508,
      "precision": 0.9688856729377714,
      "recall": 0.6260422348632432,
      "f1": 0.7606153846153846,
      "f2": 0.6737219911445056,
      "mcc": 0.6156008071092886,
      "roc_auc": 0.9660426648059248
    },
    "isolation_forest": {
      "accuracy": 0.7884137686302342,
      "precision": 0.9364512287539244,
      "recall": 0.674043481648874,
      "f1": 0.7838695061169008,
      "f2": 0.7140616486981789,
      "mcc": 0.6178363330005616
    }
  },
  "author_split_random_forest_metrics": {
    "accuracy": 0.999047430045644,
    "precision": 0.9996584116140051,
    "recall": 0.998294388538291,
    "f1": 0.9989759344598055,
    "f2": 0.9985668952809909,
    "mcc": 0.998086342289071,
    "roc_auc": 0.9999932441627825
  },
  "author_split_comparison": {
    "logistic_regression": {
      "accuracy": 0.972692994641794,
      "precision": 0.97471185274385,
      "recall": 0.9663994542043323,
      "f1": 0.9705378554299418,
      "f2": 0.9680505723560567,
      "mcc": 0.9451231543608078,
      "roc_auc": 0.9963442309651944
    },
    "random_forest": {
      "accuracy": 0.999047430045644,
      "precision": 0.9996584116140051,
      "recall": 0.998294388538291,
      "f1": 0.9989759344598055,
      "f2": 0.9985668952809909,
      "mcc": 0.998086342289071,
      "roc_auc": 0.9999932441627825
    },
    "isolation_forest": {
      "accuracy": 0.9228021432823973,
      "precision": 0.9426993753960351,
      "recall": 0.8881118881118881,
      "f1": 0.9145918412154744,
      "f2": 0.8985177132404962,
      "mcc": 0.8455286706140789
    }
  }
}